{
  "accuracy_mean": 0.8438095238095238,
  "accuracy_std": 0.08573544712325255,
  "auc_mean": 0.9277777777777777,
  "auc_std": 0.07934920476158722
}