feature,importance
ECHS1,22.32142857142857
PIK3R1,11.363636363636363
SOCS3,9.328358208955223
TNFAIP3,6.25
MAP3K8,5.0
MAPK3,4.166666666666667
RORA,3.5714285714285716
